ID,a1,a2,a3,a4,a5,a6,b1_1,b1_2,b1_3,b2_1,b2_2,b2_3,b3_1,b3_2,b3_3,b4_1,b4_2,b4_3,b5_1,b5_2,b5_3,b6,b7,b8,b9,b10,b11,b12,blank,a2_r
1,27,,2,3,3,2,3,2,1,1,2,2,2,3,2,4,2,1,1,3,2,3,4,1,2,1,2,5,,1
2,65,,1,2,2,1,5,4,5,5,5,5,5,5,5,3,5,5,5,5,5,5,5,4,1,1,5,2,,1
3,33,,1,2,3,4,3,2,3,3,2,3,2,2,2,2,2,3,3,2,2,2,3,1,5,1,2,2,,1
4,33,,2,2,6,3,3,2,4,4,2,3,2,3,3,2,3,3,4,3,3,5,3,3,5,1,3,4,,1
5,36,,1,2,3,4,3,2,3,3,2,3,2,2,2,2,2,3,3,2,2,2,3,1,5,1,2,2,,1
6,45,,1,2,3,3,5,4,5,3,5,5,5,5,5,3,5,5,3,4,5,5,5,4,1,4,4,6,,1
7,44,,1,2,2,1,5,4,5,3,5,5,5,5,5,5,5,5,5,5,5,5,5,4,1,1,5,2,,1
8,22,,1,2,3,1,3,3,4,3,3,3,3,3,3,2,2,4,3,3,3,3,4,1,4,2,4,5,,1
9,33,,2,3,3,3,3,3,4,3,4,4,4,4,3,5,5,5,4,4,3,5,5,3,5,4,5,4,,1
10,66,,1,4,2,3,2,3,4,2,2,3,4,4,4,2,4,4,4,4,4,3,4,4,2,4,2,2,,1
11,43,,1,4,4,3,2,3,4,2,3,1,4,2,3,2,2,3,4,4,4,2,4,4,2,4,2,2,,1
12,45,,2,4,5,3,2,3,4,2,3,1,4,2,3,2,2,3,4,4,4,2,4,3,2,4,2,2,,1
13,37,,2,2,3,4,3,2,3,3,2,3,2,2,2,2,2,3,3,2,2,2,3,1,5,1,2,2,,1
14,45,,2,2,2,1,5,4,5,5,5,5,5,5,5,3,5,5,5,5,5,5,5,4,1,1,5,2,,1
15,44,,2,2,4,3,2,4,3,3,3,4,3,4,2,2,2,4,3,3,2,3,3,3,4,4,3,6,,1
16,28,,1,3,2,2,3,3,3,2,4,3,2,5,3,4,2,3,3,3,2,5,5,4,5,1,1,3,,1
17,40,,1,3,2,4,3,3,3,3,3,3,3,3,3,4,4,4,4,4,4,3,3,4,2,4,3,6,,1
18,33,,2,3,5,4,3,3,3,3,3,3,4,4,4,3,3,3,4,4,4,3,3,1,5,5,3,6,,1
19,22,,1,3,3,1,4,2,2,3,3,5,2,1,4,5,5,2,4,3,5,5,2,2,4,1,2,6,,1
20,39,,2,3,5,3,2,2,2,2,3,3,3,3,3,3,3,3,3,3,3,2,2,3,5,1,2,5,,1
21,40,,2,2,5,3,2,2,3,3,2,3,2,3,3,2,2,2,3,3,3,2,3,3,2,3,2,1,,1
22,34,,2,3,3,3,3,3,3,4,4,,4,4,4,3,3,3,3,3,3,4,4,3,3,1,2,6,,1
23,29,,1,3,4,2,2,2,3,3,2,3,2,3,3,4,4,3,3,3,3,3,3,1,1,5,3,2,,1
24,32,,1,2,4,1,1,1,1,4,4,,2,2,3,3,2,3,2,2,3,3,2,3,4,5,2,5,,1
25,28,,2,2,2,3,3,3,4,2,4,2,4,2,4,4,2,4,2,4,2,4,2,2,3,2,2,3,,1
26,24,,1,2,4,2,3,3,3,4,3,4,4,4,5,3,2,5,3,3,3,4,4,1,2,1,4,2,,1
27,21,,2,2,3,1,3,3,4,3,3,3,3,3,3,2,2,4,3,3,3,3,4,1,4,2,4,5,,1
28,34,,1,3,3,3,3,3,4,3,4,4,5,5,2,3,4,4,4,4,3,5,5,3,5,4,5,4,,1
29,28,,1,3,3,2,3,2,1,1,2,1,2,3,2,4,2,1,1,3,2,3,4,1,2,1,2,5,,1
30,32,,1,2,6,3,3,2,4,4,1,3,4,2,3,2,3,3,4,3,1,5,3,3,5,1,3,4,,1
31,45,,2,2,3,3,5,4,5,5,5,5,5,5,5,3,5,5,2,5,4,5,5,4,4,4,4,6,,1
32,20,,2,2,8,2,5,2,3,3,3,3,2,3,3,3,2,2,3,3,3,3,2,4,4,4,4,2,,1
33,27,,2,2,3,1,3,3,2,2,3,2,3,2,3,2,3,3,2,3,4,3,2,3,3,4,3,5,,1
34,48,,1,2,2,1,3,3,3,2,3,3,3,3,3,3,2,3,3,3,3,3,3,1,2,2,3,3,,1
35,47,,1,3,4,3,1,1,1,2,2,2,3,3,2,3,1,3,1,2,3,1,2,2,3,3,2,6,,1
36,,,2,3,3,3,1,2,2,2,2,2,2,2,2,2,2,2,2,2,2,2,2,4,1,1,1,3,,1
37,53,,1,3,3,2,2,2,3,2,4,3,4,3,3,2,2,2,2,,3,1,2,3,1,1,2,6,,1
38,33,,1,3,4,2,1,1,3,2,5,3,4,3,2,2,3,2,3,4,2,1,,2,3,4,1,6,,1
39,48,,2,2,2,5,3,2,5,3,3,3,3,5,5,3,2,2,3,3,4,5,3,1,5,1,4,6,,1
40,39,,1,2,4,2,3,3,3,3,3,3,2,3,3,3,3,3,3,2,3,3,3,4,1,1,3,3,,1
41,59,,2,2,5,3,2,2,3,3,5,3,4,3,3,2,2,2,3,3,3,2,3,3,3,1,3,5,,1
42,42,,1,3,4,2,2,2,2,3,2,2,2,3,3,2,3,3,1,3,3,1,3,1,2,5,2,2,,1
43,40,,1,3,4,4,1,2,1,2,2,1,2,3,3,2,1,3,1,2,3,1,1,1,5,1,1,5,,1
44,38,,1,3,4,2,3,3,2,3,2,2,2,1,3,3,2,3,1,2,3,2,2,1,5,1,2,3,,1
45,27,,1,3,3,2,2,3,4,4,4,4,2,3,3,3,3,3,3,3,3,2,3,1,1,1,3,6,,1
46,34,,1,3,4,3,2,2,3,3,4,3,4,3,3,2,2,2,2,3,3,2,2,3,3,1,2,6,,1
47,62,,2,2,5,1,3,3,3,3,3,3,3,3,3,3,3,3,3,3,3,,3,4,1,1,3,6,,1
48,61,,1,2,2,3,3,3,2,2,3,2,2,1,3,3,2,3,1,2,3,3,2,2,3,4,3,2,,1
49,58,,2,2,5,2,3,2,2,2,2,2,2,2,2,3,3,3,3,2,3,3,3,4,5,1,2,6,,1
50,48,,2,4,4,5,4,5,3,3,3,4,2,2,1,4,4,5,4,3,4,5,3,4,3,2,4,1,,1
51,40,,1,3,4,4,2,1,3,2,3,2,2,2,3,3,2,3,3,1,3,2,2,2,2,4,2,6,,1
52,44,,2,2,5,1,3,3,3,3,3,3,3,3,3,3,3,3,2,3,3,3,2,4,5,3,3,3,,1
53,35,,1,3,3,2,2,2,2,3,2,1,2,3,3,2,,3,1,2,3,1,2,1,3,4,2,6,,1
54,31,,1,2,2,3,3,3,2,4,5,3,4,2,4,3,2,4,3,4,2,3,4,4,3,5,4,3,,1
55,65,,1,3,4,2,2,2,3,3,5,3,4,3,3,2,2,2,2,3,3,1,,3,2,1,3,6,,1
56,33,,2,3,5,2,3,3,2,2,3,3,2,2,3,3,2,3,1,2,3,2,2,1,5,4,2,6,,1
57,29,,1,3,4,2,3,3,3,3,3,3,3,3,3,3,2,3,2,3,3,2,3,2,4,4,2,2,,1
58,52,,1,2,2,2,2,2,2,2,2,1,2,2,3,1,2,3,3,1,2,3,3,3,3,3,3,3,,1
59,57,,1,3,4,4,2,2,1,3,2,1,2,2,2,1,2,2,1,2,2,3,2,4,3,4,2,3,,1
60,43,,2,2,5,3,2,4,4,3,4,4,3,3,4,3,3,3,2,3,4,3,3,1,4,2,4,5,,1
61,40,,2,3,3,3,2,2,3,3,,3,3,3,3,2,2,2,2,3,3,1,,3,2,1,2,6,,1
62,43,,1,3,4,1,2,2,3,2,4,3,4,3,3,2,2,2,2,3,3,1,1,3,2,1,2,6,,1
63,29,,1,2,3,2,1,1,3,1,5,3,4,2,3,4,4,3,1,3,3,1,1,3,3,4,3,2,,1
64,25,,1,2,3,5,3,3,4,3,3,3,3,3,3,3,3,5,3,3,3,3,3,1,2,4,3,2,,2
65,28,,1,2,3,5,3,3,3,3,3,,3,3,3,2,2,4,3,3,3,3,3,4,4,3,3,5,,2
66,53,,2,3,5,3,4,2,2,3,4,3,2,2,3,2,1,3,2,3,4,3,3,3,1,2,2,5,,2
67,33,,2,2,5,2,1,2,4,3,3,3,4,3,3,3,4,5,3,3,3,4,3,1,3,2,3,1,,2
68,40,,2,3,5,5,1,2,4,4,3,3,3,2,4,2,2,4,3,3,3,4,4,4,4,3,2,3,,2
69,45,,2,3,5,5,3,3,3,3,3,3,3,3,3,3,3,3,3,3,3,3,3,2,4,3,3,3,,2
70,51,,2,3,3,5,3,3,3,3,3,3,3,3,3,2,2,4,3,3,3,4,4,,1,1,3,,,2
71,26,,1,3,6,2,3,4,3,3,4,2,3,3,5,2,4,4,3,3,2,3,4,3,2,4,3,1,,2
72,45,,2,2,2,2,1,2,2,3,2,3,3,2,5,2,2,5,2,3,2,3,3,1,4,1,3,5,,2
73,52,,2,2,3,2,3,3,3,3,4,4,3,4,3,4,4,5,3,3,3,3,3,3,2,1,4,3,,2
74,41,,1,2,4,2,3,3,3,3,3,3,3,2,3,2,3,3,3,3,3,3,3,1,1,1,2,2,,2
75,49,,2,2,2,2,3,3,3,3,3,3,3,2,3,3,4,4,2,3,3,3,2,2,4,5,4,5,,2
76,46,,1,3,2,5,2,2,2,2,3,3,3,2,3,2,2,4,3,3,3,3,3,2,4,4,3,5,,2
77,46,,2,2,3,5,3,3,3,3,3,3,3,2,2,2,2,4,3,3,3,3,4,2,2,3,3,6,,2
78,32,,2,3,5,5,3,4,4,4,4,4,4,4,4,3,4,4,3,3,3,4,5,4,5,3,4,6,,2
79,59,,2,2,5,5,5,5,,5,5,5,5,3,5,5,3,5,5,5,5,5,3,3,5,3,5,6,,2
80,41,,2,,7,5,,5,5,5,5,,5,5,5,5,5,5,5,5,5,5,5,3,5,,5,6,,2
81,47,,1,2,2,5,1,3,2,3,4,3,3,2,4,3,3,5,3,3,3,2,3,3,4,1,3,5,,2
82,46,,1,2,2,5,3,3,2,2,3,3,3,2,4,3,3,5,3,2,3,4,4,1,1,3,3,6,,2
83,46,,2,3,2,5,5,3,1,3,5,3,3,3,3,3,3,4,3,3,3,3,3,3,1,1,3,5,,2
84,51,,1,3,2,5,2,3,3,3,3,4,4,4,3,3,3,3,3,2,3,3,3,1,1,1,3,1,,2
85,65,,1,1,3,4,3,3,2,3,3,3,3,3,3,2,3,4,2,3,3,2,3,2,1,4,3,3,,2
86,49,,2,2,2,5,3,3,2,3,3,3,3,2,3,2,2,3,2,2,3,3,3,4,1,1,3,6,,2
87,48,,2,2,2,5,2,2,2,3,4,4,3,3,5,3,3,5,4,4,3,2,3,3,3,1,4,5,,2
88,53,,1,2,2,1,3,3,3,2,3,2,3,3,2,3,1,4,3,4,3,3,3,4,2,3,3,6,,2
89,28,,1,4,4,5,1,4,3,3,3,3,3,4,3,3,4,5,3,3,3,3,3,1,2,5,5,5,,2
90,48,,2,2,5,2,3,,2,3,4,3,5,3,3,3,4,5,3,3,3,,3,4,4,3,5,6,,2
91,40,,1,2,2,4,3,3,2,3,4,2,3,4,5,2,3,5,2,2,3,5,5,4,4,1,5,1,,2
92,57,,1,1,2,5,1,3,3,2,4,3,2,4,3,2,3,4,2,2,3,4,2,4,1,5,3,6,,2
93,21,,2,3,2,1,3,3,3,3,3,3,3,3,3,2,2,4,3,2,3,3,3,3,4,1,3,5,,2
94,55,,1,3,2,1,3,3,3,3,3,3,3,3,3,3,3,3,3,3,3,3,3,3,5,1,3,4,,2
95,46,,2,2,2,5,3,3,3,3,2,3,2,2,3,2,2,3,3,3,3,3,3,4,2,2,3,1,,2
96,45,,1,2,2,5,3,3,3,3,3,3,3,3,3,3,2,3,3,3,3,3,3,1,1,2,3,6,,2
97,52,,2,1,8,5,2,3,1,3,1,1,3,2,1,1,2,3,3,3,2,2,3,3,3,3,3,3,,2
98,60,,1,1,2,5,1,5,2,4,5,3,3,4,4,2,2,4,2,4,4,4,,4,4,3,5,5,,2
99,50,,2,2,2,5,2,3,3,2,2,4,2,2,3,2,2,2,2,3,2,3,3,2,4,1,3,3,,2
100,51,,2,2,2,4,2,2,2,2,3,3,3,2,3,2,2,4,2,2,2,2,3,2,3,3,2,6,,2
101,41,,1,2,4,4,4,3,3,4,3,3,4,4,3,3,4,3,4,4,4,3,4,3,4,2,4,3,,2
102,38,,2,2,2,4,3,3,3,3,3,3,3,3,3,3,3,3,3,3,3,3,3,3,4,3,3,6,,2
103,41,,2,2,2,4,3,3,3,3,3,3,3,2,3,2,2,3,3,3,3,3,3,4,4,3,3,1,,2
104,59,,1,2,2,5,2,2,2,2,2,3,3,2,2,2,2,3,2,3,3,2,2,3,3,4,2,3,,2
105,32,,2,2,3,5,3,3,3,3,3,3,3,3,3,3,3,3,3,3,3,3,3,3,4,1,3,3,,2
106,35,,2,2,3,3,3,3,3,3,3,4,3,3,4,3,4,4,3,3,3,4,4,3,3,5,4,6,,2
107,47,,1,3,4,3,3,3,3,3,3,3,3,1,3,3,1,4,3,3,3,3,3,3,3,1,3,5,,2
108,20,,2,3,7,1,3,3,3,3,3,3,3,3,3,3,3,3,3,3,3,3,3,3,3,5,3,3,,2
109,25,,2,3,7,4,3,5,4,4,3,3,4,3,4,2,4,5,4,4,4,5,4,2,3,4,4,5,,2
110,28,,1,2,3,1,2,3,3,3,3,4,3,2,3,3,4,4,4,3,3,3,2,1,1,1,3,3,,2
111,40,,1,2,2,5,2,1,3,5,1,5,5,1,5,5,2,5,5,3,3,3,3,4,4,1,3,1,,2
112,41,,1,3,,3,2,3,2,3,4,3,3,3,3,4,4,3,3,4,2,3,4,3,5,5,2,2,,2
113,34,,1,2,3,2,3,3,3,3,3,3,3,3,3,3,2,2,3,2,2,2,2,2,4,3,2,3,,2
114,56,,2,1,2,5,3,3,2,3,2,2,3,2,3,3,4,4,4,4,3,,3,2,1,4,4,6,,2
115,36,,1,2,3,3,3,3,2,4,4,3,4,2,3,3,3,4,2,2,2,4,4,2,3,1,4,5,,2
116,38,,2,2,3,2,2,2,3,4,4,3,4,2,5,5,4,4,2,3,3,2,4,3,3,1,3,6,,2
117,27,,2,3,3,2,3,3,3,3,3,3,2,2,2,3,4,5,,4,3,2,4,2,3,1,3,5,,2
118,32,,2,3,5,3,3,4,3,4,4,4,3,1,3,4,3,5,3,3,3,2,3,3,3,1,4,5,,2
119,57,,2,2,2,5,4,4,2,2,4,3,3,4,3,2,2,3,2,2,3,2,3,4,3,5,4,6,,2
120,62,,1,2,2,5,4,3,3,3,4,3,3,2,3,4,3,4,3,3,3,3,3,3,1,3,4,6,,2
121,31,,1,3,2,5,3,4,3,3,3,4,4,3,3,2,4,4,4,4,4,3,3,4,4,3,4,6,,2
122,58,,2,2,3,3,3,3,3,3,3,3,3,2,3,3,3,4,4,3,4,5,4,3,3,4,4,1,,2
123,46,,2,3,2,2,2,2,5,4,4,2,3,5,4,3,5,5,5,5,4,2,4,2,4,2,5,4,,2
124,50,,1,2,3,3,3,5,4,5,2,3,3,3,3,2,4,5,5,4,3,,3,3,4,2,3,1,,2
125,41,,1,2,3,1,4,3,5,5,5,5,5,5,5,1,5,5,3,3,4,1,4,3,4,2,4,3,,2
126,54,,1,2,2,2,4,3,3,2,3,2,4,5,3,2,2,5,5,4,3,5,4,4,4,2,5,6,,2
127,37,,2,3,5,4,1,2,2,2,2,3,3,2,3,3,2,3,2,2,3,3,3,1,4,2,3,2,,2
128,46,,2,3,3,1,3,3,3,3,3,2,3,2,3,3,3,3,3,3,3,3,3,1,1,1,4,6,,2
129,60,,2,3,2,4,3,3,3,3,3,3,3,5,3,3,3,3,3,3,3,3,3,3,3,5,4,3,,2
130,49,,2,2,2,3,2,3,2,4,3,3,3,4,3,3,2,4,3,3,3,2,2,2,4,1,3,5,,2
131,23,,2,2,3,1,3,2,2,3,3,3,3,2,3,2,2,3,3,3,3,3,3,2,2,2,3,6,,2
132,57,,1,4,2,5,3,3,3,3,3,2,3,4,3,2,2,4,1,2,3,3,2,1,3,1,3,5,,2
133,45,,2,2,2,5,1,3,4,3,4,4,3,4,4,4,4,3,4,3,4,4,3,1,3,1,3,5,,2
134,26,,1,3,5,4,3,3,3,3,4,4,4,4,4,3,3,3,3,3,4,3,,1,5,5,3,2,,2
135,31,,1,2,3,4,1,1,2,3,2,3,2,1,3,2,3,4,2,3,3,2,3,3,1,2,2,5,,2
136,34,,2,4,4,1,3,3,3,4,3,3,3,4,4,3,3,4,4,4,4,3,3,4,5,2,2,5,,2
137,58,,1,2,3,4,3,3,3,2,3,4,2,3,3,4,3,4,3,4,3,3,4,3,1,1,4,4,,2
138,50,,1,3,2,2,3,3,3,3,3,2,3,5,1,3,3,1,3,3,3,2,3,4,5,1,3,7,,2
139,56,,2,2,7,5,,5,3,2,2,2,3,5,4,3,4,4,3,3,4,5,5,1,1,1,3,3,,2
140,49,,2,3,2,2,3,3,3,3,3,3,3,2,3,3,,4,3,3,4,3,3,4,3,2,3,1,,2
141,40,,2,2,3,5,3,3,4,4,4,4,4,5,5,5,5,5,3,3,3,4,4,1,1,3,4,5,,2
142,52,,2,2,2,3,3,3,4,3,4,2,4,5,4,3,4,4,4,3,4,3,5,4,4,2,4,1,,2
143,54,,2,2,2,5,1,3,3,3,3,3,3,4,3,3,3,4,3,3,3,,3,3,3,2,3,3,,2
144,32,,1,3,4,2,3,4,2,2,3,3,3,2,3,4,3,3,4,5,5,3,3,3,2,1,5,7,,2
145,23,,1,2,7,1,3,3,3,3,3,3,3,3,3,3,3,3,3,3,3,2,3,2,1,1,3,6,,2
146,58,,1,2,2,5,3,3,3,2,1,3,2,1,2,3,2,3,2,3,2,3,2,2,4,1,3,1,,2
147,40,,2,3,2,3,1,3,3,3,3,3,3,3,3,4,4,5,3,3,3,5,5,4,4,4,4,6,,2
148,43,,2,2,5,5,3,3,3,3,3,3,4,3,4,3,3,5,3,3,3,5,3,4,4,1,3,3,,2
149,59,,2,3,5,5,3,3,3,3,2,3,3,2,3,2,2,2,4,2,3,2,2,1,1,4,2,3,,2
150,36,,2,2,5,4,5,4,3,5,3,5,5,2,5,5,5,4,5,4,3,4,3,4,2,2,5,1,,2
151,23,,2,2,3,3,3,3,3,3,3,3,3,3,3,3,3,3,3,3,3,3,3,4,5,3,5,5,,2
152,28,,2,2,8,5,2,2,3,3,2,2,3,2,3,2,3,2,3,2,3,4,3,2,2,1,3,3,,2
153,21,,2,2,8,4,4,4,4,3,3,3,4,3,3,4,4,5,3,3,3,3,3,1,4,1,3,5,,2
154,23,,2,2,8,5,2,2,2,3,3,3,4,4,3,3,2,4,3,3,3,2,4,4,3,3,3,5,,2
155,30,,2,2,3,3,5,5,5,5,5,3,3,3,3,5,5,1,3,3,5,5,5,4,5,3,5,4,,2
156,36,,2,3,3,5,1,3,3,3,5,3,4,3,3,3,4,5,3,3,3,3,4,4,5,5,4,6,,3
157,28,,2,2,3,5,3,3,2,3,3,3,3,3,3,3,2,3,2,2,2,3,3,3,2,1,3,5,,3
158,22,,1,3,6,3,3,2,2,2,2,3,2,3,3,3,2,3,2,2,3,2,3,1,3,4,2,2,,3
159,22,,1,2,8,5,3,3,3,2,3,3,3,3,3,3,3,3,3,2,3,2,3,3,,2,3,5,,3
160,49,,2,2,2,2,2,2,3,3,4,3,3,2,3,2,2,3,2,3,3,3,3,2,5,1,3,6,,3
161,37,,2,2,3,5,3,2,2,2,2,3,3,3,3,3,3,3,3,3,3,3,3,3,5,1,3,3,,3
162,31,,1,2,2,3,3,3,3,3,3,3,3,3,3,3,4,4,3,3,3,3,3,2,1,4,3,1,,3
163,31,,2,4,5,2,3,3,4,3,3,4,3,3,3,3,3,4,3,4,4,4,3,3,3,2,3,3,,3
164,23,,1,3,6,5,1,3,3,3,3,3,3,3,3,2,2,3,3,3,3,3,3,3,5,5,3,4,,3
165,22,,1,2,6,4,1,1,1,3,3,2,3,3,3,4,2,3,3,3,4,3,3,3,3,4,1,6,,3
166,60,,2,2,5,4,2,2,3,3,3,3,3,5,4,3,2,2,4,2,3,4,4,4,5,5,1,1,,3
167,37,,2,2,5,2,3,3,3,3,3,3,3,3,3,3,3,3,3,3,3,3,3,4,5,4,3,3,,3
168,20,,1,2,3,4,2,2,3,4,3,3,3,3,3,3,4,4,3,3,3,3,3,4,5,5,1,2,,3
169,48,,2,2,3,5,3,3,3,3,2,2,3,3,4,3,3,5,4,3,4,2,2,4,5,5,3,2,,3
170,48,,1,2,6,5,2,1,1,2,2,2,2,1,3,2,2,3,2,3,3,3,3,4,5,4,2,2,,3
171,68,,1,3,7,5,3,2,3,2,4,3,3,3,2,2,2,2,3,3,2,2,2,3,5,2,2,3,,3
172,55,,2,2,3,5,5,4,1,2,3,3,3,3,3,3,2,2,3,2,3,3,3,3,4,3,2,5,,3
173,75,,1,2,7,5,1,3,4,3,3,3,3,4,4,3,3,3,3,3,2,3,3,4,5,5,2,5,,3
174,43,,1,2,2,5,1,2,1,3,2,3,3,3,2,2,3,3,2,2,3,2,3,1,4,4,2,4,,3
175,37,,2,3,5,3,3,3,3,3,3,3,2,3,3,3,3,3,3,2,2,1,3,2,5,4,3,5,,3
176,45,,2,3,5,5,3,1,1,4,3,4,3,4,3,3,3,3,4,4,3,3,3,1,1,2,3,2,,3
177,45,,2,2,5,5,1,1,1,3,3,3,3,2,3,2,3,2,3,3,2,3,3,1,4,2,3,1,,3
178,29,,1,3,3,1,1,1,1,3,3,3,4,3,4,3,4,3,2,3,2,3,3,4,5,5,4,6,,3
179,27,,2,2,3,1,1,1,1,4,3,2,2,2,3,3,3,3,3,2,3,2,3,4,5,5,1,4,,3
180,43,,2,2,2,4,1,2,3,1,1,1,1,1,3,3,3,3,3,3,3,3,2,2,1,1,2,6,,3
181,48,,2,2,3,5,1,1,1,3,2,3,3,3,2,3,3,2,3,3,3,2,4,1,2,2,1,2,,3
182,46,,2,2,2,5,2,2,3,4,4,4,1,1,4,4,4,4,4,2,2,4,4,4,4,1,4,6,,3
183,64,,2,2,2,5,2,3,2,1,1,1,1,3,3,2,2,3,3,1,1,2,3,3,1,1,2,6,,3
184,75,,1,2,2,,3,3,3,4,3,2,3,4,2,4,3,3,2,3,2,3,3,3,2,4,2,2,,3
185,72,,1,3,7,5,1,3,5,4,4,3,3,3,3,3,3,4,3,3,3,3,3,4,3,5,3,3,,3
186,53,,2,2,5,3,3,3,3,4,3,4,3,2,3,3,3,4,3,2,4,3,3,4,5,5,2,5,,3
187,38,,1,2,3,3,1,3,3,2,2,2,3,3,3,3,2,3,3,2,3,3,3,1,4,4,,,,3
188,41,,1,3,4,5,3,3,3,3,3,3,3,4,4,3,3,2,3,3,4,3,4,4,5,1,2,2,,3
189,48,,1,3,4,5,1,1,1,3,4,3,2,3,4,3,4,4,3,4,3,3,3,3,5,5,2,4,,3
190,22,,1,2,8,2,2,2,2,2,2,3,3,3,3,2,3,3,3,3,3,3,3,1,4,5,5,2,,3
191,20,,1,3,6,4,3,4,3,3,2,2,3,3,3,2,2,2,2,2,4,2,2,1,4,2,2,1,,3
192,27,,1,2,5,,1,3,3,3,2,3,2,3,3,2,3,3,3,2,3,3,3,4,5,4,3,5,,3
193,26,,1,3,6,3,2,3,4,3,5,4,3,2,3,3,2,4,2,2,3,2,4,1,3,5,,2,,3
194,56,,2,2,2,2,3,3,3,3,3,3,2,2,3,3,3,5,3,3,3,2,3,3,4,1,3,5,,3
195,43,,2,2,3,4,2,3,,3,3,4,3,1,4,3,3,4,3,3,3,3,4,1,1,1,3,3,,3
196,61,,2,,8,1,3,3,3,3,3,4,3,5,5,3,3,5,3,4,3,3,3,3,1,1,3,6,,3
197,50,,1,2,2,5,3,3,3,3,3,3,3,3,3,3,3,5,2,3,3,2,,3,4,5,3,4,,3
198,32,,1,3,3,2,3,3,3,3,3,3,3,3,3,3,3,3,3,3,3,3,3,2,4,4,3,6,,3
199,29,,1,3,3,5,5,5,3,4,3,5,5,5,5,5,5,5,5,5,5,5,5,1,2,1,2,3,,3
200,37,,2,3,2,3,4,4,5,3,3,4,3,3,3,2,4,3,3,3,4,4,4,3,4,5,4,6,,3
201,62,,2,2,2,1,2,2,2,3,3,3,4,4,4,2,2,2,3,3,3,3,4,1,1,1,3,2,,3
202,40,,2,4,4,4,1,3,2,2,3,3,3,3,3,3,2,3,3,3,3,3,3,1,4,1,3,2,,3
203,34,,2,3,5,2,1,2,4,3,2,4,3,4,4,2,2,3,2,2,3,3,3,3,3,1,3,2,,3
204,37,,2,3,2,3,2,2,2,2,2,2,3,3,2,2,2,2,2,2,2,2,2,1,4,4,2,2,,3
205,21,,2,3,6,3,3,2,1,2,4,3,3,3,3,3,3,2,2,2,3,3,2,3,3,4,2,2,,3
206,35,,1,3,2,2,1,1,1,1,1,1,1,1,1,1,1,2,1,2,2,1,2,2,3,3,2,1,,3
207,26,,1,2,3,1,3,3,3,3,3,3,3,3,3,3,1,4,3,3,3,3,3,1,5,1,3,5,,3
208,26,,1,2,2,1,3,3,3,3,3,3,3,3,3,3,3,3,3,3,3,3,3,3,2,1,3,3,,3
209,27,,2,3,3,5,1,3,3,3,3,2,3,3,3,3,3,2,3,3,3,3,,1,4,3,4,6,,3
210,32,,2,2,3,1,1,1,1,1,1,1,1,1,1,1,1,1,1,1,1,1,1,1,5,1,1,3,,3
211,37,,2,3,2,2,2,,2,2,2,2,2,3,2,2,2,2,2,3,3,1,1,3,3,1,2,6,,3
212,42,,1,3,4,1,2,2,3,2,,3,3,3,3,2,2,2,2,2,2,1,1,3,3,1,2,6,,3
213,22,,1,3,6,1,2,2,1,3,3,3,3,4,3,3,2,2,3,3,3,2,2,1,3,2,3,2,,3
214,22,,2,3,6,2,3,3,4,3,3,3,2,2,2,3,3,3,3,3,3,3,3,2,3,1,2,5,,3
215,58,,2,3,5,3,3,3,2,3,4,4,4,3,3,2,2,3,3,3,4,4,4,1,4,4,4,6,,3
216,34,,2,3,4,1,2,2,3,3,4,3,4,3,3,2,2,2,2,2,1,1,1,3,3,1,2,6,,3
217,20,,2,2,3,5,1,1,1,1,1,1,1,1,1,1,1,1,1,1,1,3,5,3,1,2,1,3,,3
218,38,,2,2,3,3,2,3,3,4,3,3,3,4,3,2,2,2,2,3,2,3,3,1,1,1,2,3,,3
219,23,,1,2,3,4,3,2,3,3,3,3,3,3,3,3,3,2,3,3,3,3,3,2,2,1,3,2,,3
220,34,,1,3,3,2,3,2,3,4,3,3,4,3,3,4,4,4,3,3,3,4,3,4,4,2,3,1,,3
221,25,,2,2,4,2,3,3,3,2,3,3,3,3,3,2,2,2,2,3,3,1,,3,3,1,2,6,,3
222,,,2,3,3,1,2,2,2,2,2,2,2,2,2,3,2,3,3,3,3,3,3,3,4,4,3,2,,3
223,29,,2,2,3,1,3,3,3,3,3,3,3,3,3,3,2,3,3,3,3,3,3,2,5,1,2,2,,3
224,33,,2,2,6,4,3,3,3,4,4,3,2,2,3,3,4,4,3,2,2,3,4,3,3,3,2,5,,4
225,63,,1,4,4,3,2,2,3,3,4,4,3,3,3,3,3,3,3,3,3,3,3,2,2,5,1,5,,4
226,47,,2,2,5,4,3,2,5,3,3,2,3,3,3,3,3,3,3,3,3,3,5,3,4,4,2,6,,4
227,21,,1,3,6,4,1,1,2,3,3,3,4,3,3,2,2,5,3,3,4,2,2,1,1,2,3,5,,4
228,56,,2,2,2,5,2,3,3,3,3,5,3,2,3,2,2,3,3,3,3,3,3,4,1,2,3,6,,4
229,53,,2,2,2,5,1,2,2,3,3,3,3,2,3,3,3,3,3,3,3,3,3,2,4,2,3,6,,4
230,54,,2,3,8,1,3,3,3,3,,,3,3,3,3,3,3,3,3,3,3,,2,5,,3,2,,4
231,52,,2,2,8,5,3,2,2,3,3,2,3,1,1,1,1,2,2,2,3,2,3,1,5,3,2,2,,4
232,30,,2,3,4,5,3,3,3,3,3,3,3,3,3,3,2,5,2,2,3,3,3,1,4,3,2,6,,4
233,51,,2,2,4,5,5,3,3,3,3,4,4,3,3,3,3,4,3,3,3,4,4,4,1,1,4,6,,4
234,52,,2,3,2,5,2,3,3,3,3,3,4,2,3,2,2,3,3,4,4,3,3,3,3,1,3,3,,4
235,45,,1,2,3,4,3,2,3,3,4,3,4,2,3,2,2,4,3,3,4,4,3,3,3,1,3,5,,4
236,25,,2,3,3,4,2,2,2,3,3,4,4,2,3,2,2,4,2,3,3,4,3,2,4,1,3,2,,4
237,62,,1,1,7,5,2,2,3,3,4,4,3,3,3,4,4,4,3,3,3,3,3,1,2,1,3,3,,4
238,55,,2,2,5,5,3,2,3,4,3,3,3,2,3,2,2,5,2,2,3,3,3,2,3,4,3,4,,4
239,37,,2,3,5,5,2,4,4,3,3,2,2,2,2,2,2,2,2,2,3,3,4,3,4,3,2,6,,4
240,58,,1,1,3,5,2,3,2,3,3,2,3,2,3,2,3,2,3,2,3,3,3,3,4,5,2,6,,4
241,59,,2,1,5,2,1,1,2,3,3,4,3,3,2,3,3,3,3,4,4,4,4,1,2,2,2,2,,4
242,51,,1,1,2,5,1,1,1,3,3,3,3,3,3,3,3,3,3,2,2,3,3,3,4,4,2,5,,4
243,56,,2,2,5,5,3,3,3,3,3,4,4,3,3,3,3,4,3,4,3,4,3,4,4,1,3,3,,4
244,25,,2,3,8,4,3,2,2,4,3,3,5,3,3,4,4,4,4,4,3,5,4,4,1,3,4,6,,4
245,48,,2,2,3,3,3,1,1,3,3,4,3,3,3,3,4,4,4,3,3,3,4,3,3,3,1,4,,4
246,71,,2,1,7,5,2,2,2,4,3,4,3,3,3,3,4,4,3,2,3,3,4,3,4,4,2,5,,4
247,61,,1,1,3,5,3,3,3,4,4,4,4,2,3,2,2,4,3,2,4,4,3,3,3,1,3,5,,4
248,52,,1,2,2,4,3,3,3,4,3,4,4,2,3,2,2,4,2,2,2,2,3,1,3,1,3,5,,4
249,32,,1,3,2,4,3,3,3,4,3,4,4,2,3,2,3,4,3,2,4,3,3,1,3,1,3,5,,4
250,46,,1,3,5,4,4,4,4,3,3,3,4,2,3,2,2,3,2,2,2,3,3,1,3,1,3,5,,4
251,71,,1,2,7,1,3,3,3,4,3,2,3,3,3,2,2,3,2,3,3,2,2,4,5,2,2,2,,4
252,68,,2,1,5,5,4,3,3,3,3,3,3,3,3,1,3,3,3,3,3,2,2,3,3,2,2,2,,4
253,53,,1,2,2,5,3,3,3,3,3,3,3,2,2,2,2,4,4,3,3,3,3,1,3,3,3,6,,4
254,77,,2,1,5,5,1,3,2,1,1,1,1,1,3,1,1,4,2,1,3,2,1,3,3,1,2,2,,4
255,86,,2,2,5,5,2,2,4,2,2,2,2,1,3,1,2,4,3,3,2,2,3,3,4,2,2,3,,4
256,62,,1,2,2,5,3,3,3,3,5,4,4,2,4,2,2,4,2,4,4,2,3,1,3,1,3,5,,4
257,43,,1,2,2,2,1,1,1,1,3,1,3,1,5,1,1,1,1,1,1,1,1,2,2,3,3,5,,4
258,21,,2,2,6,2,2,3,3,3,3,3,3,2,3,2,2,3,3,3,1,3,3,2,4,2,1,3,,4
259,43,,1,3,2,5,3,4,4,3,4,3,4,2,4,3,2,3,3,3,4,3,3,3,4,3,3,6,,4
260,24,,1,2,2,5,4,3,3,3,2,2,4,4,3,4,3,3,3,3,4,3,4,2,5,1,3,7,,4
261,46,,1,3,2,3,1,1,1,2,2,2,2,2,3,2,2,2,2,2,2,2,2,2,4,2,3,1,,4
262,37,,2,3,5,3,2,2,2,3,3,2,2,2,3,3,3,2,2,3,3,3,2,4,1,1,2,1,,4
263,51,,2,,,,,,,2,2,2,3,3,2,2,3,3,2,2,2,3,3,4,4,3,1,2,,4
264,40,,2,3,4,3,1,2,1,3,3,3,2,2,2,2,3,3,3,2,2,3,3,4,1,1,4,7,,4
265,55,,2,4,2,2,3,3,3,3,3,4,3,3,3,2,2,3,3,3,2,2,3,2,2,1,1,2,,4
266,24,,1,3,6,5,1,2,2,3,3,2,2,2,2,2,2,2,3,3,3,3,2,2,3,1,2,2,,4
267,47,,2,3,2,5,1,2,2,3,3,3,2,2,2,2,2,2,2,2,2,4,4,4,4,1,1,7,,4
268,49,,1,3,2,4,2,4,4,5,4,5,4,2,4,2,2,5,2,4,4,4,5,3,5,1,2,5,,4
269,20,,1,2,7,5,1,1,1,1,1,1,1,1,1,1,1,1,1,1,1,1,1,1,4,1,3,7,,4
270,52,,2,2,2,5,4,3,3,2,1,3,4,4,3,1,3,5,3,3,3,4,3,3,2,1,3,6,,4
271,55,,2,3,5,2,3,3,3,3,2,2,3,3,3,3,2,3,2,3,2,3,2,4,2,2,1,3,,4
272,48,,1,3,4,5,5,3,2,3,3,2,2,2,2,2,3,3,3,3,2,2,3,4,1,1,1,2,,4
273,59,,2,2,5,5,1,3,3,3,2,2,2,3,3,2,2,2,3,2,2,3,3,4,1,4,3,2,,4
274,60,,2,2,3,2,2,2,3,2,2,2,3,3,3,3,3,2,2,2,3,3,2,4,1,1,1,2,,4
275,20,,1,3,4,5,2,2,4,4,4,3,3,2,3,4,2,4,3,3,3,3,3,2,3,1,3,6,,4
276,22,,2,3,6,3,3,3,2,3,3,3,2,2,3,3,2,3,2,2,3,2,3,1,2,2,3,6,,4
277,33,,2,3,4,4,2,,,4,3,3,3,3,,1,1,1,3,3,3,2,3,3,5,3,2,2,,4
278,23,,1,3,6,3,5,5,4,3,2,3,3,2,2,2,4,4,3,4,2,3,4,4,5,3,1,1,,4
279,23,,1,3,6,3,1,1,1,2,2,4,3,5,5,3,3,3,2,1,1,1,2,4,4,3,3,6,,4
280,29,,1,4,7,5,1,1,1,5,2,2,5,5,,4,4,4,4,4,3,3,4,4,5,5,2,2,,4
281,58,,1,,,,,,,4,4,3,4,4,4,3,3,3,3,3,2,1,2,4,5,4,2,5,,4
282,69,,1,2,7,3,1,2,2,2,2,2,2,2,3,3,3,2,2,2,2,3,3,4,4,2,1,2,,4
283,22,,2,3,2,5,4,2,1,3,2,2,2,3,3,2,2,3,2,3,3,2,3,1,3,3,2,6,,4
284,67,,1,2,7,5,2,2,3,4,4,3,1,3,3,3,2,2,3,4,3,3,3,4,5,,3,1,,4
285,75,,2,2,2,5,1,2,3,2,2,2,3,3,2,2,2,2,3,,3,3,2,4,1,1,2,5,,4
286,45,,2,3,2,4,2,4,4,4,4,4,4,2,3,2,2,5,2,2,4,5,4,1,1,4,4,3,,4
287,44,,2,2,5,5,1,3,3,1,2,2,2,1,3,1,1,4,3,3,3,2,4,4,2,2,3,5,,4
288,60,,1,1,3,5,2,2,2,2,2,3,3,2,3,2,2,4,2,4,3,4,3,3,3,3,2,3,,4
289,48,,2,2,2,5,4,1,2,2,2,2,2,2,2,2,2,2,1,1,1,1,2,1,1,1,2,6,,4
290,53,,2,2,2,5,2,3,2,4,4,5,4,3,4,2,2,4,3,4,4,5,2,1,4,3,3,3,,4
291,57,,1,3,4,5,1,1,1,1,1,1,1,1,3,1,1,4,1,1,2,1,1,2,3,1,2,7,,4
292,60,,2,1,2,2,4,2,2,2,2,2,3,1,3,1,1,1,3,3,3,2,4,3,2,2,1,3,,4
293,23,,1,3,6,5,2,3,2,3,2,2,3,2,3,2,1,1,3,2,2,3,3,2,3,3,2,2,,4
294,61,,2,1,4,4,1,2,2,2,1,1,2,2,3,3,3,2,3,3,3,2,3,3,3,2,3,1,,4
295,29,,1,3,4,3,3,2,1,2,3,3,2,1,2,2,1,2,2,1,1,2,1,4,5,4,1,2,,4
296,24,,1,3,6,4,2,2,3,1,3,2,2,2,4,3,2,2,3,2,3,2,2,2,3,4,2,4,,4
297,65,,2,2,5,5,,,,4,4,3,3,3,2,2,3,2,2,3,3,2,2,3,5,2,2,6,,4
298,37,,2,3,5,4,2,1,1,,,,,,,,,,,,,,,4,3,5,3,1,,4
299,21,,2,2,3,1,1,3,3,3,3,2,3,2,3,3,2,3,2,3,3,3,2,3,2,2,2,6,,4
300,44,,2,3,3,5,3,2,2,3,3,3,4,4,3,3,3,2,2,2,2,3,3,3,3,3,4,,,4
301,22,,2,2,3,1,3,3,3,1,1,2,3,2,3,2,3,3,2,2,3,2,1,4,4,5,2,3,,4
302,48,,2,2,7,5,3,3,3,2,2,2,2,3,3,3,3,3,2,2,3,2,2,1,5,5,3,6,,4
303,43,,2,2,2,2,2,2,1,3,3,3,2,2,2,3,2,3,2,2,2,2,3,4,5,5,2,5,,4
304,49,,2,2,5,5,3,3,3,3,2,2,3,3,4,2,3,2,3,3,2,1,2,1,1,1,1,2,,4
305,50,,1,2,2,5,3,3,3,2,3,3,3,2,2,2,3,3,2,3,2,2,3,3,3,1,2,5,,4
306,50,,2,2,5,5,2,2,3,1,1,2,3,1,3,2,2,3,3,3,2,3,3,1,4,3,3,4,,4
307,29,,1,3,6,5,2,2,2,4,4,3,4,2,2,2,2,2,2,2,2,3,2,1,5,1,3,2,,4
308,35,,1,4,7,5,1,1,1,,,,,,,,,,,,,,,1,4,4,1,2,,4
309,54,,1,2,2,5,3,3,2,2,2,2,3,2,3,2,2,3,2,3,2,2,3,3,5,1,2,6,,4
310,27,,1,2,2,5,3,3,3,3,3,3,3,3,3,3,3,3,2,3,3,2,3,2,1,4,3,2,,4
311,27,,1,3,2,5,1,1,1,1,2,2,2,2,3,3,2,2,3,3,3,3,3,3,3,2,3,3,,4
312,27,,1,4,6,2,1,3,4,3,4,2,3,2,1,2,3,4,5,4,3,2,1,4,1,3,1,7,,4
313,41,,2,2,7,3,1,1,3,3,3,3,2,3,3,4,3,3,2,1,1,2,3,4,4,4,3,5,,4
314,50,,2,2,2,,1,2,2,1,3,2,2,3,3,3,3,2,2,2,3,3,3,4,5,5,2,7,,4
315,57,,2,2,2,,2,3,3,3,4,4,2,3,4,4,3,2,3,3,3,2,3,4,2,3,2,5,,4
316,69,,2,2,5,4,1,2,,2,2,2,3,3,2,2,2,2,2,3,4,4,4,4,5,5,1,6,,4
317,64,,2,2,5,4,2,2,2,2,3,3,3,3,2,2,3,2,3,3,3,2,2,4,5,5,2,5,,4
318,21,,1,2,7,5,3,3,2,3,3,4,3,3,3,2,2,3,3,3,2,2,3,4,5,5,2,5,,4
319,24,,1,2,6,,3,3,2,3,3,2,2,3,3,3,2,3,3,3,2,2,3,3,2,2,2,2,,4
320,27,,1,4,6,5,1,1,1,2,3,2,2,3,3,3,2,2,3,3,3,2,3,4,3,2,1,2,,4
321,27,,1,3,6,3,1,1,1,4,3,3,5,4,4,4,5,5,5,4,3,3,4,3,4,4,3,5,,4
322,70,,2,1,,1,3,3,3,4,3,3,3,3,4,4,4,3,3,2,2,3,3,4,4,3,3,6,,4
323,50,,2,1,2,5,2,2,3,3,3,2,4,3,3,4,3,3,4,4,4,3,3,4,5,5,2,1,,4
324,26,,1,3,6,5,2,3,1,4,3,4,3,3,4,4,4,3,2,2,2,2,3,1,3,1,2,4,,4
325,26,,1,3,6,5,3,3,2,3,3,2,4,4,2,3,3,2,2,2,2,3,3,2,4,1,3,7,,4
326,31,,1,3,4,3,3,3,2,2,3,2,3,3,2,2,3,3,2,3,4,4,3,4,4,4,3,6,,4
327,60,,2,,2,2,,,,2,3,3,3,4,3,2,3,3,2,2,2,3,3,3,4,1,3,3,,4
328,55,,2,2,5,5,,,,1,2,2,3,3,3,1,2,3,1,1,2,1,1,3,3,1,3,6,,4
329,84,,1,2,7,5,2,2,4,2,2,2,2,1,3,1,2,4,3,3,2,2,3,3,4,2,2,3,,4
330,49,,1,2,2,4,3,2,3,2,2,3,4,2,3,2,2,4,3,3,3,2,3,4,1,2,3,5,,4
331,50,,2,2,2,2,2,2,2,2,2,2,2,2,3,2,2,5,2,2,2,3,2,4,3,1,2,5,,4
332,45,,2,2,4,4,3,3,2,2,2,4,4,1,2,2,2,5,2,2,2,2,2,1,2,1,3,5,,4
333,52,,2,2,5,5,2,2,1,2,3,2,3,2,3,1,1,5,3,4,4,4,3,4,2,2,2,6,,4
334,47,,1,2,2,5,1,1,4,2,2,2,2,2,3,2,2,4,2,2,2,3,4,3,2,1,2,3,,4
335,25,,2,3,3,2,2,3,3,3,3,3,3,2,3,3,3,3,3,3,2,2,3,1,3,3,2,4,,4
336,54,,1,2,2,5,3,1,1,1,3,2,1,1,3,1,1,1,1,1,2,1,3,3,1,2,1,2,,4
337,20,,1,2,6,5,3,2,1,1,1,3,3,2,3,3,3,4,3,2,3,2,2,4,2,2,2,1,,4
338,24,,2,3,4,3,3,3,3,4,3,4,4,3,3,3,3,5,3,3,3,4,3,4,4,1,3,5,,4
339,21,,1,2,6,5,3,2,2,2,2,3,3,2,3,2,2,3,3,3,3,2,3,4,2,2,2,6,,4
340,67,,1,2,7,5,5,2,2,2,2,2,2,4,3,4,2,4,2,2,2,2,4,3,,5,2,7,,4
341,78,,1,1,7,5,1,3,2,1,1,1,1,1,3,1,1,4,2,1,3,2,1,3,3,1,2,6,,4
342,42,,2,2,2,2,1,1,1,1,3,1,3,1,5,1,1,1,1,1,1,1,1,2,2,3,3,5,,4
343,20,,1,2,6,2,2,3,3,3,3,3,3,2,3,2,2,3,3,3,1,3,3,2,4,2,1,3,,4
344,45,,2,3,5,5,3,4,4,3,4,3,4,2,4,3,2,3,3,3,4,3,3,3,4,3,3,6,,4
345,51,,2,2,2,5,3,3,3,3,3,3,3,2,2,2,2,4,4,3,3,3,3,1,3,3,3,6,,4
346,72,,2,2,5,1,3,3,3,4,3,2,3,3,3,2,2,3,2,3,3,2,2,4,5,2,2,2,,4
347,27,,1,3,6,4,2,1,2,3,3,3,4,2,3,3,4,4,3,3,3,4,4,2,3,1,3,3,,4
348,58,,1,3,2,1,3,3,2,3,3,3,3,2,2,3,2,3,3,3,3,2,2,3,1,3,2,,,4
349,50,,1,3,2,5,2,3,4,3,4,4,3,2,3,2,2,4,3,3,3,2,2,2,2,3,3,6,,4
350,40,,1,2,2,5,2,2,2,3,3,3,3,2,3,3,4,4,2,2,2,3,3,4,3,2,3,5,,4
351,79,,1,2,7,4,3,4,3,3,3,3,3,3,4,3,2,3,3,3,3,3,3,3,3,3,3,5,,4
352,52,,2,3,2,5,2,2,4,4,4,4,4,3,4,4,3,4,3,3,3,3,3,3,3,2,3,6,,4
353,74,,1,2,7,5,4,2,1,1,2,2,3,1,3,1,1,4,1,3,1,4,4,3,2,1,2,7,,4
354,58,,1,2,2,2,3,3,3,2,2,3,3,3,3,3,1,4,3,2,3,1,4,3,4,1,4,6,,4
355,84,,,,,,,,,,,,,,,,,,,,,,,,,,,,,4
356,66,,1,2,2,4,3,3,3,3,4,4,4,3,3,3,3,4,3,3,3,2,3,3,4,2,3,7,,4
357,48,,2,2,3,5,1,3,3,3,4,1,2,1,2,2,1,2,3,1,1,2,2,4,2,2,2,1,,4
358,59,,2,2,3,5,2,2,2,2,2,3,3,2,3,1,1,3,3,3,2,3,3,3,1,3,3,6,,4
359,53,,2,1,5,5,3,3,3,2,2,2,1,2,2,1,1,4,3,4,3,3,3,3,2,1,3,6,,4
360,61,2,2,5,5,3,3,3,3,3,3,3,3,2,1,1,3,2,2,2,3,,3,3,1,3,3,6,,4
361,69,,1,1,2,5,4,3,3,3,3,3,3,2,3,1,3,3,3,3,3,2,2,3,3,2,2,2,,4
362,62,,2,2,5,4,1,1,1,3,3,3,3,1,4,2,3,4,3,3,3,2,2,2,1,1,2,4,,5
363,21,,2,2,6,5,2,3,3,3,3,1,3,2,3,2,2,3,3,3,3,3,3,4,2,4,2,1,,5
364,27,,2,2,6,5,2,2,2,2,3,3,4,3,3,2,3,3,4,3,2,3,3,2,4,5,3,6,,5
365,55,,1,3,1,,2,2,2,3,3,,4,4,3,3,3,3,3,3,2,2,4,4,4,4,4,2,,5
366,48,,2,3,4,,3,3,2,4,3,2,3,4,3,3,3,4,4,3,2,3,5,1,4,4,2,5,,5
367,39,,2,2,5,3,3,3,3,3,2,2,3,3,3,3,3,2,2,4,3,3,2,3,3,4,2,7,,5
368,44,,1,2,2,5,3,3,3,3,3,3,3,2,3,3,3,4,3,3,3,3,3,4,2,1,3,5,,5
369,46,,1,3,4,5,1,3,3,3,3,3,3,2,3,1,3,3,3,3,3,3,3,1,4,5,3,3,,5
370,43,,1,3,3,5,3,4,1,2,2,3,4,3,3,3,3,3,3,3,3,2,3,4,5,2,3,1,,5
371,66,,2,1,2,3,1,1,4,4,2,2,2,2,4,3,3,3,3,4,3,3,3,3,4,4,1,5,,5
372,29,,1,1,7,2,2,2,2,3,3,3,4,3,3,2,3,4,3,2,3,2,3,1,1,1,2,2,,5
373,71,,2,3,5,,1,4,2,2,3,3,3,2,2,2,3,3,4,3,4,3,3,1,1,3,2,3,,5
374,51,,2,2,5,4,2,3,1,2,3,3,4,4,3,,2,2,5,3,3,3,3,4,5,1,2,5,,5
375,41,,1,2,2,5,3,3,5,3,4,3,2,2,3,4,4,4,3,3,3,3,4,1,4,2,3,2,,5
376,61,,2,2,1,4,5,2,1,3,3,2,2,3,3,3,2,2,3,3,3,3,3,2,1,1,3,5,,5
377,38,,2,3,5,5,4,1,1,3,3,3,3,2,3,3,3,3,3,3,3,3,3,2,3,1,2,2,,5
378,37,,1,4,4,,3,2,3,2,2,2,2,3,4,4,3,3,3,2,3,4,2,3,4,,1,1,,5
379,44,,2,2,5,,3,2,2,4,4,3,3,3,4,3,3,3,3,3,3,3,5,3,4,3,2,6,,5
380,42,,1,3,2,5,2,3,2,4,3,4,3,3,3,3,3,4,3,2,2,3,4,1,3,3,2,6,,5
381,56,,2,2,3,5,3,3,3,3,3,3,3,3,2,3,3,3,3,3,3,3,3,4,1,1,3,5,,5
382,29,,2,3,4,3,3,2,3,2,3,3,3,2,3,3,2,4,4,3,4,4,4,3,2,3,4,5,,5
383,28,,1,3,4,3,3,3,3,2,3,3,3,2,3,3,4,4,4,3,4,4,4,1,2,4,4,6,,5
384,77,,1,1,3,3,3,3,3,2,3,2,3,3,4,3,2,3,2,3,3,3,4,2,3,2,1,2,,5
385,60,,1,2,3,5,3,3,3,3,3,3,3,2,3,2,2,4,2,2,3,4,3,4,3,1,3,4,,5
386,55,,1,2,2,4,3,3,3,3,3,3,3,3,3,3,3,3,3,3,3,3,3,4,1,1,3,5,,5
387,59,,1,2,8,5,4,4,4,4,4,4,4,4,4,2,2,5,3,3,4,4,4,1,3,2,4,4,,5
388,55,,2,2,5,4,2,2,2,4,4,3,3,2,3,2,2,5,2,2,4,3,3,1,1,2,3,4,,5
389,42,,1,2,4,,3,3,3,3,3,3,3,3,3,3,3,3,3,3,3,4,3,1,3,2,3,4,,5
390,21,,1,3,3,2,2,1,1,3,3,3,4,2,4,3,3,5,2,2,4,2,2,1,3,5,3,4,,5
391,49,,1,2,4,3,3,3,3,3,3,3,4,2,4,2,2,5,4,4,4,3,4,4,4,2,3,1,,5
392,36,,1,2,4,3,2,2,2,3,3,4,4,2,3,2,3,4,3,3,4,3,3,1,1,5,3,5,,5
393,45,,1,2,3,4,4,4,3,3,4,3,3,2,3,2,2,1,3,4,3,4,4,4,1,1,4,5,,5
394,36,,1,3,2,3,2,2,2,3,3,3,4,4,,2,2,3,3,3,4,3,3,1,4,1,4,5,,5
395,22,,1,3,6,,3,3,3,2,3,3,2,3,3,2,2,3,3,3,2,2,3,4,5,5,4,2,,5
396,37,,1,3,2,3,3,3,3,3,3,,3,3,,3,3,3,3,2,2,2,3,1,1,1,2,2,,5
397,62,,2,3,5,5,1,1,1,3,3,3,3,1,4,2,3,4,3,3,3,2,2,2,1,1,2,4,,6
398,32,,2,3,2,2,3,2,3,2,2,3,4,3,4,4,2,2,3,2,2,1,1,1,5,5,2,5,,6
399,63,,1,1,2,3,1,1,1,4,3,3,3,3,4,3,2,5,3,3,3,3,3,1,5,3,4,6,,6
400,58,,1,2,2,4,4,3,3,3,3,4,3,4,4,1,2,5,3,3,3,1,2,3,1,3,3,6,,6
401,26,,1,3,2,4,2,3,1,2,3,3,3,3,2,3,3,5,3,3,3,4,3,4,4,2,2,1,,6
402,23,,2,3,6,5,3,2,1,3,3,3,2,3,,2,3,3,3,3,3,2,3,1,5,,3,2,,6
403,56,,2,2,5,5,2,2,2,2,3,3,3,4,3,2,3,3,4,3,2,3,3,3,5,1,3,5,,6
404,37,,2,2,3,5,3,3,1,3,4,3,3,3,3,4,3,2,4,4,4,2,4,4,4,4,2,5,,6
405,55,,2,2,5,5,2,2,2,2,3,3,3,4,3,2,3,3,4,3,2,3,3,3,5,1,3,5,,6
406,52,,2,3,5,4,2,3,1,2,3,3,4,4,3,2,2,5,3,3,3,3,3,4,5,1,2,5,,6
407,45,,2,2,8,5,3,3,3,3,3,3,3,2,3,3,3,3,3,3,3,3,3,4,2,1,3,5,,6
408,44,,1,2,8,5,2,3,3,3,3,3,3,2,3,3,3,3,3,3,3,3,3,4,2,1,3,5,,6
409,47,,2,3,5,5,1,3,3,3,3,3,3,2,3,1,3,3,3,3,3,3,3,1,4,5,3,3,,6
410,46,,1,3,2,5,1,3,3,3,3,3,3,2,3,1,3,3,3,3,3,3,3,1,4,5,3,3,,6
411,41,,1,2,4,4,3,3,3,3,3,4,3,2,4,2,2,4,2,3,4,4,3,1,3,1,3,5,,6
412,46,,2,1,5,5,2,2,3,4,3,4,4,2,3,2,2,4,3,3,4,4,3,1,3,1,3,5,,6
413,24,,1,3,6,4,2,1,1,3,3,3,3,2,3,2,2,4,2,2,3,2,3,1,3,1,3,4,,6
414,21,,1,3,6,4,2,2,2,3,3,3,3,2,3,2,3,4,3,3,4,3,3,2,1,1,3,4,,6
415,39,,2,3,3,4,2,1,2,3,3,3,3,2,3,2,3,3,2,2,2,3,3,2,3,1,3,4,,6
416,49,,2,2,5,2,2,2,3,4,3,4,3,3,3,3,3,3,2,2,2,2,3,3,2,2,3,3,,6
417,66,,1,3,4,5,4,4,3,3,3,3,3,3,3,3,3,2,3,3,3,3,3,3,4,4,1,5,,6
418,58,,2,2,5,5,3,3,3,,,,,,,,,,,,,,,2,4,3,3,3,,6
419,55,,1,2,6,3,3,3,3,4,4,4,3,3,3,3,3,3,3,4,4,4,4,3,4,4,2,3,,6
420,42,,2,2,5,3,3,3,3,3,3,3,3,3,3,3,3,3,3,2,2,3,3,3,2,2,1,2,,6
421,31,,2,4,4,4,3,3,3,3,3,2,3,2,3,3,3,3,3,2,2,2,2,3,4,4,3,6,,6
422,27,,2,3,6,2,2,2,3,3,3,3,3,3,3,3,3,3,2,2,3,3,3,3,4,4,2,2,,6
423,42,,1,1,1,5,3,3,3,3,3,3,3,2,2,2,2,5,2,2,2,3,3,2,3,1,3,4,,6
424,22,,1,3,6,5,3,3,3,2,3,3,3,3,3,3,3,2,2,3,2,2,4,3,4,4,3,6,,6
425,77,,1,1,7,4,3,3,3,4,3,4,3,2,3,3,3,2,3,3,3,3,4,3,4,4,2,6,,6
426,51,,2,1,5,5,2,2,2,3,2,2,3,2,3,2,2,4,3,2,3,3,3,1,3,1,3,5,,6
427,35,,1,2,4,4,2,3,2,3,3,3,4,2,3,2,2,5,4,4,4,4,4,1,3,1,3,5,,6
428,65,,2,2,5,5,2,2,3,4,3,3,4,2,4,2,3,3,3,3,4,4,3,1,4,1,3,5,,6
429,62,,2,1,5,5,3,3,3,4,3,3,4,2,3,2,2,4,2,2,3,3,3,1,3,1,3,4,,6
430,62,,2,1,5,5,2,2,2,4,4,4,3,2,3,2,2,4,3,3,4,4,4,4,4,1,3,5,,6
431,43,,2,2,5,4,1,1,1,3,3,3,3,4,3,3,3,3,2,2,3,3,5,2,3,3,3,3,,6
432,55,,2,3,3,5,2,3,3,3,3,2,2,3,3,3,3,2,2,2,3,3,3,3,4,3,2,2,,6
433,55,,1,2,4,5,2,2,2,2,3,3,3,4,3,2,3,3,4,3,2,3,3,3,5,1,3,5,,6
434,43,,2,,2,,3,3,3,4,3,3,2,2,3,3,4,4,3,3,3,4,3,4,3,1,3,5,,6
435,50,,1,2,2,5,1,3,3,4,4,2,2,3,3,4,4,,3,3,2,2,2,2,4,2,3,4,,6
436,53,,2,2,2,,3,3,2,3,2,3,4,2,3,3,3,3,3,3,2,2,3,4,4,1,3,7,,6
437,47,,2,2,5,1,1,2,3,4,2,3,2,2,3,2,3,3,2,2,3,3,3,3,3,5,2,2,,6
438,42,,2,3,5,3,2,2,2,3,4,3,3,2,3,2,3,2,2,3,2,3,2,,,,,,,6
439,56,,1,3,4,1,1,1,1,4,3,3,5,3,3,5,5,4,4,3,2,3,2,3,4,2,2,7,,6
440,58,,1,1,2,5,2,3,1,4,2,2,3,3,3,2,1,5,3,3,3,3,3,3,2,3,3,7,,6
441,52,,1,2,4,4,3,4,4,4,4,3,4,1,3,3,3,3,3,3,3,3,3,3,1,1,3,5,,6
442,50,,1,3,4,4,2,3,1,2,3,3,4,4,3,2,2,5,3,3,3,3,3,4,5,1,2,5,,6
443,49,,2,1,2,5,,,,,,,,,,,,,,,,,,2,5,1,3,7,,6
444,63,,1,3,3,5,1,1,1,3,3,3,3,1,4,2,3,4,3,3,3,2,2,2,1,1,2,4,,6
445,31,,1,3,2,2,3,2,3,2,2,3,4,3,4,4,2,2,3,2,2,1,1,1,5,5,2,5,,6
446,36,,1,2,2,5,3,3,2,2,4,3,5,3,3,2,4,2,3,2,3,4,4,3,4,4,,3,,6
447,45,,2,3,5,5,3,4,1,2,2,3,4,3,3,3,3,3,3,3,3,2,3,4,5,2,3,1,,6
448,20,,1,2,6,5,2,3,3,3,3,1,3,2,3,2,2,3,3,3,3,3,3,4,2,4,2,1,,6
449,26,,1,2,6,5,2,2,2,2,3,3,4,3,3,2,3,3,4,3,2,3,3,2,4,5,3,6,,6
450,36,,1,3,2,5,4,1,1,3,3,3,3,2,3,3,3,3,4,3,3,3,3,2,3,1,2,2,,6
451,62,,1,2,1,5,5,2,1,3,3,2,2,3,3,3,2,2,3,3,3,3,3,2,1,1,3,5,,6
452,20,,2,3,6,5,1,3,3,3,3,3,3,2,3,2,3,3,3,3,3,3,3,4,5,5,2,5,,6
453,70,,1,1,2,,3,3,3,3,4,3,2,3,4,4,4,4,3,2,3,3,2,4,5,4,2,2,,6
454,60,,2,2,2,3,4,4,4,3,3,4,3,3,4,3,4,4,3,3,3,3,3,1,1,1,,2,,6
455,67,,1,1,2,5,2,2,2,3,3,3,4,3,3,2,2,3,2,3,3,3,3,1,4,2,2,1,,6
456,33,,1,2,7,5,5,5,4,2,2,3,3,3,2,2,3,3,3,3,2,3,3,2,2,2,3,2,,6
457,38,,2,,2,1,3,3,3,3,4,3,4,4,4,3,3,4,,3,2,2,2,1,4,1,3,5,,6
458,40,,2,2,5,5,3,3,5,3,4,3,2,2,3,4,4,4,3,3,3,3,4,1,4,2,3,2,,6
459,38,,1,2,3,5,3,3,1,3,4,3,3,3,3,4,3,2,4,4,4,2,4,4,4,4,2,5,,6
460,24,,1,3,6,5,3,2,1,3,3,3,2,3,3,2,3,3,3,3,3,2,3,1,5,5,3,2,,6
461,42,,1,2,2,5,3,3,3,3,3,3,3,2,,3,3,5,3,3,3,3,3,2,3,1,3,7,,6
462,26,,2,3,2,4,2,3,1,2,3,3,3,3,2,3,3,5,3,3,3,4,3,4,4,2,2,1,,6
463,58,,2,2,2,5,4,3,3,3,3,4,3,4,4,1,2,5,3,3,3,1,2,3,1,4,3,6,,6
464,23,,1,3,3,5,1,1,1,2,3,3,3,1,3,3,3,3,3,4,3,4,3,4,4,4,2,1,,6
465,62,,2,1,2,3,1,1,1,4,3,3,3,3,4,3,2,5,3,3,3,3,3,1,5,3,4,6,,6
466,27,,1,4,4,3,2,3,3,3,3,2,3,3,3,2,3,3,2,3,3,2,3,3,3,2,2,5,,6
467,21,,2,3,6,4,3,2,2,3,3,3,3,3,3,2,2,3,2,2,2,2,3,2,3,1,2,3,,7
468,50,,2,2,2,5,,,,,,5,5,5,4,4,3,4,4,4,3,4,4,2,5,1,4,,,7
469,40,,2,3,4,4,2,3,3,2,3,3,3,3,3,3,3,3,2,2,3,4,3,4,4,1,4,5,,7
470,22,,2,2,7,1,3,3,3,3,3,3,3,3,3,2,2,2,2,2,2,3,3,3,4,1,2,5,,7
471,54,,2,3,2,2,3,2,3,3,2,3,3,3,3,3,2,2,2,2,3,1,2,3,2,1,2,6,,7
472,28,,2,2,3,4,2,2,2,2,2,3,2,2,2,3,2,2,2,2,2,2,3,3,4,3,2,4,,7
473,34,,1,3,4,2,2,2,2,2,2,3,3,,3,2,2,2,2,3,2,1,,3,3,1,2,6,,7
474,56,,2,2,3,2,2,2,2,3,4,3,3,3,3,2,2,2,2,3,3,1,1,3,3,1,2,6,,7
475,45,,1,4,2,2,3,3,3,3,,3,3,3,3,2,2,2,2,2,3,2,2,3,3,1,2,6,,7
476,58,,1,2,2,2,5,3,5,3,5,3,3,3,3,3,3,3,3,3,3,5,5,1,1,1,5,4,,7
477,55,,2,2,2,3,4,3,4,3,3,3,3,3,3,3,3,3,3,3,3,3,3,1,1,1,3,5,,7
478,44,,2,3,3,1,4,3,3,3,3,3,4,3,3,3,3,3,3,3,3,3,3,2,3,2,3,2,,7
479,47,,2,2,5,5,3,3,3,4,3,2,3,4,4,3,2,3,4,4,3,2,3,3,4,3,2,2,,7
480,49,,2,,5,4,3,3,3,3,3,3,3,3,4,4,4,2,3,3,3,2,2,3,4,3,2,5,,7
481,33,,1,4,4,3,4,3,3,3,3,3,4,3,2,3,3,3,3,4,3,2,4,2,4,4,2,6,,7
482,50,,2,3,4,5,1,3,5,3,3,3,4,3,3,3,3,3,4,4,3,2,3,3,4,4,2,6,,7
483,26,,1,2,7,,2,3,2,3,3,4,3,3,2,3,4,3,2,2,,3,4,2,4,4,1,3,,7
484,63,,1,1,1,5,3,2,4,4,3,2,,4,3,3,2,3,4,4,1,2,2,1,3,3,2,6,,7
485,44,,1,3,4,4,1,3,5,3,3,3,3,4,3,2,3,4,3,3,2,4,2,4,2,1,1,1,,7
486,47,,2,3,3,5,1,3,2,2,2,3,3,1,3,1,1,2,1,2,2,1,1,1,1,1,2,5,,7
487,40,,2,2,3,5,3,3,3,3,3,3,3,3,3,3,3,3,3,3,3,3,3,4,3,2,3,1,,7
488,45,,2,3,3,5,4,2,2,3,2,3,3,2,3,1,1,3,2,3,2,2,2,1,1,4,2,5,,7
489,40,,2,3,3,4,1,2,2,2,3,3,3,2,3,3,3,3,3,3,3,2,3,4,4,3,3,6,,7
490,53,,2,,3,3,5,3,1,3,3,3,3,3,3,3,2,3,3,3,2,2,1,3,1,2,2,4,,7
491,20,,1,3,6,5,3,2,4,3,3,3,4,3,3,2,2,3,3,2,2,2,2,1,3,1,2,5,,7
492,52,,2,,5,5,5,4,2,1,1,1,4,1,1,4,4,5,4,3,3,3,2,3,3,1,4,6,,7
493,58,,2,2,2,1,3,3,3,3,3,3,3,1,5,3,3,4,3,3,3,2,2,2,1,4,3,6,,7
494,68,,2,2,5,5,4,4,1,3,3,3,4,3,3,4,2,4,2,4,3,3,4,4,5,5,1,5,,7
495,58,,1,2,2,4,2,2,3,3,3,2,2,2,,4,3,4,3,2,3,2,2,1,1,1,3,3,,7
496,26,,1,2,6,4,3,4,4,3,3,3,3,3,3,3,3,3,3,4,3,3,3,4,2,2,3,2,,7
497,20,,1,3,6,5,3,3,3,4,3,4,3,3,4,3,4,4,4,3,3,3,3,1,2,1,3,2,,7
498,49,,1,3,4,,3,2,2,3,4,4,3,2,3,3,3,,2,2,2,3,2,2,2,2,3,2,,7
499,47,,1,,7,4,1,1,1,2,2,3,3,3,3,2,1,3,3,3,3,3,3,2,2,1,3,2,,7
500,23,,2,3,6,4,3,3,1,3,3,3,3,2,3,3,3,2,3,2,3,3,3,4,5,5,3,5,,7
501,30,,1,3,3,2,3,3,3,3,3,3,3,3,3,3,3,3,3,3,3,3,3,1,1,2,2,2,,7
502,39,,1,3,7,1,1,3,4,3,4,3,2,3,4,4,3,2,3,3,3,3,3,4,2,1,1,2,,7
503,36,,2,2,2,2,2,2,1,3,3,3,3,2,3,3,2,3,1,2,3,3,3,4,1,5,2,1,,7
504,52,,1,2,2,2,5,3,4,1,1,1,5,3,3,1,1,1,1,1,1,2,2,3,2,2,1,6,,7
505,25,,1,3,6,3,3,3,3,3,3,3,4,3,3,2,2,2,4,4,2,2,3,3,2,1,2,3,,7
506,26,,1,3,6,3,3,3,2,5,2,2,3,3,4,3,3,3,3,2,3,3,3,4,5,5,3,2,,7
507,22,,1,3,6,5,4,4,2,2,2,1,3,3,1,3,4,2,5,5,5,5,5,3,5,1,3,6,,7
508,29,,1,3,4,1,3,3,3,4,4,3,3,3,2,3,3,3,3,2,3,3,3,4,4,5,2,5,,7
509,20,,2,3,6,3,5,1,1,1,1,1,3,1,1,2,1,3,3,3,3,3,3,3,4,5,3,3,,7
510,45,,2,3,2,3,1,2,2,3,3,3,2,2,2,1,2,3,1,2,2,2,2,4,1,1,2,3,,7
511,42,,1,2,3,1,2,2,4,4,4,3,4,4,4,2,2,4,3,4,2,2,2,4,5,2,3,3,,7
512,42,,1,2,2,1,1,2,2,2,2,2,2,1,2,1,2,2,2,2,2,2,2,2,3,3,3,2,,7
513,34,,1,2,2,3,3,3,3,3,3,3,3,2,3,3,3,3,3,3,3,3,3,2,4,1,3,6,,8
514,65,,2,3,2,3,2,3,3,4,3,3,4,2,3,2,3,5,3,3,4,3,3,2,4,1,3,5,,8
515,62,,1,2,3,5,3,3,3,3,4,4,4,2,4,2,3,4,3,3,4,4,4,2,1,3,3,6,,8
516,49,,2,2,5,5,2,2,2,3,4,3,3,2,3,2,3,4,2,2,3,3,3,4,4,2,3,5,,8
517,42,,1,2,2,5,3,3,2,3,3,3,3,2,3,2,3,4,4,4,4,3,3,2,3,1,3,4,,8
518,37,,2,2,5,5,2,3,3,4,3,4,3,2,3,2,2,4,3,3,4,4,4,1,3,1,3,5,,8
519,30,,1,3,4,4,2,2,2,3,3,3,4,2,3,2,2,4,3,3,3,3,3,2,3,2,3,5,,8
520,24,,2,3,6,4,2,2,2,3,3,3,4,2,3,2,2,3,2,2,3,3,3,1,4,4,3,6,,8
521,69,,1,2,8,5,3,3,3,3,3,4,3,2,3,2,2,5,2,3,3,2,2,3,1,1,3,5,,8
522,63,,2,1,5,5,2,2,2,4,3,3,4,2,3,2,2,4,2,2,3,2,3,3,4,4,3,6,,8
523,52,,2,3,2,5,3,3,2,3,4,4,3,2,3,2,2,4,2,2,4,4,3,1,3,3,3,5,,8
524,47,,1,2,3,4,3,3,3,4,3,3,3,2,3,2,2,4,2,2,3,2,2,1,4,4,3,6,,8
525,42,,2,1,5,5,2,2,2,2,2,3,3,2,3,2,2,4,2,2,2,2,2,1,3,1,3,5,,8
526,31,,1,3,2,4,2,2,1,3,3,3,3,2,3,2,3,4,2,2,3,3,3,2,3,4,3,2,,8
527,24,,2,3,6,3,2,3,2,4,3,3,3,2,3,2,3,4,3,3,3,2,2,2,3,4,3,6,,8
528,30,,1,4,4,5,4,3,3,3,3,2,3,3,3,4,4,3,2,2,3,3,4,4,4,4,1,2,,8
529,59,,2,,2,5,2,2,4,4,3,3,3,4,3,2,2,4,5,4,3,3,4,1,3,1,4,4,,8
530,66,,1,4,4,2,4,3,1,2,2,2,3,4,3,3,4,3,2,3,3,3,4,4,4,4,3,6,,8
531,44,,2,2,5,2,2,1,1,3,4,3,3,2,2,2,4,4,4,3,2,2,2,4,5,3,1,1,,8
532,49,,1,1,2,3,4,4,3,1,2,3,3,3,4,4,3,3,4,3,3,3,5,4,5,5,3,5,,8
533,31,,,3,4,1,1,1,2,3,3,2,3,3,3,3,3,3,3,3,4,4,4,2,2,4,2,2,,8
534,62,,2,2,2,2,3,3,3,3,4,3,4,4,4,3,2,2,2,5,4,4,3,4,4,4,2,1,,8
535,37,,2,2,5,2,3,3,3,4,2,2,3,3,4,3,3,3,4,3,3,3,4,2,3,4,1,3,,8
536,48,,2,2,4,4,4,4,2,3,3,3,4,4,4,3,3,3,3,2,2,2,3,1,3,3,2,2,,8
537,51,,1,4,4,4,4,3,3,2,3,4,3,2,2,4,4,3,3,3,3,4,4,1,3,2,2,5,,8
538,38,,2,2,3,5,4,2,1,3,2,3,3,3,2,2,2,3,3,3,3,3,4,3,4,4,2,6,,8
539,29,,2,2,5,5,5,5,4,2,2,2,3,3,,3,2,2,3,3,3,3,3,3,4,4,2,6,,8
540,57,,1,1,7,2,1,4,4,2,3,3,2,2,2,3,3,2,2,2,3,3,3,2,4,4,5,3,,8
541,30,,2,4,4,4,3,3,2,3,4,3,3,3,3,3,4,4,2,2,3,3,5,3,5,4,1,4,,8
542,40,,2,2,3,4,4,4,3,3,3,2,3,3,3,3,3,3,3,3,2,1,1,3,4,4,2,2,,8
543,55,,,4,4,5,3,3,4,2,3,3,3,3,4,4,3,3,2,4,3,3,3,3,4,4,2,6,,8
544,22,,1,2,3,4,4,3,3,5,2,3,3,2,2,3,3,3,3,3,2,2,5,3,4,4,2,3,,8
545,61,,1,1,7,2,2,2,5,3,4,4,3,3,3,3,3,2,2,2,3,3,4,3,4,4,2,6,,8
546,39,,2,2,6,3,2,3,3,3,3,3,3,3,3,3,3,2,2,2,2,3,3,4,4,4,2,5,,8
547,34,,2,2,5,5,3,3,5,2,2,2,2,2,2,2,2,2,2,2,2,3,3,4,5,4,2,6,,8
548,55,,1,3,3,4,4,4,3,3,4,5,3,4,4,4,4,3,5,4,5,4,4,2,2,1,3,5,,9
549,33,,2,2,3,4,3,3,3,3,3,3,3,3,3,3,3,3,3,3,3,3,3,1,1,4,3,6,,9
550,22,,1,2,2,1,5,5,5,5,5,5,3,5,5,5,3,5,3,3,4,5,5,1,3,4,4,2,,9
551,43,,1,2,3,3,1,1,1,1,1,1,1,2,1,2,1,1,,3,2,2,3,2,5,2,2,4,,9
552,26,,2,2,6,2,2,2,2,3,2,1,1,1,1,3,3,1,,,2,3,2,1,,1,2,2,,9
553,33,,1,1,1,2,4,4,4,4,4,4,4,4,4,4,3,3,3,3,4,3,4,2,2,2,4,3,,9
554,22,,1,2,7,2,3,3,4,4,4,3,4,4,4,3,3,4,3,3,3,4,3,1,5,5,3,2,,9
555,39,,2,1,5,4,2,2,2,2,2,2,3,3,3,3,4,2,2,3,3,3,3,2,5,4,2,4,,9
556,24,,2,2,6,2,2,2,1,1,1,1,1,3,2,3,3,2,2,3,2,3,3,1,2,2,2,2,,9
557,31,,1,2,4,4,3,3,3,4,3,4,4,2,3,3,4,4,3,3,3,3,3,1,5,2,3,2,,9
558,26,,2,2,7,2,3,3,3,4,4,4,3,4,3,3,3,3,3,3,3,4,4,1,5,4,3,2,,9
559,28,,2,2,6,2,3,3,3,3,3,3,3,3,3,3,3,3,2,2,3,3,3,1,,5,3,2,,9
560,23,,2,2,6,1,1,1,2,2,1,1,1,3,3,3,2,3,2,2,3,2,2,1,5,1,2,5,,9
561,28,,2,2,3,1,2,2,3,1,1,1,1,2,3,3,3,4,2,2,2,3,3,4,5,5,3,4,,9
562,31,,1,3,4,2,1,2,2,1,1,1,1,2,1,3,2,2,1,1,2,3,3,1,1,2,3,2,,9
563,29,,1,2,3,3,2,1,2,3,3,2,1,2,2,3,2,3,2,2,1,3,3,2,3,4,3,6,,9
564,29,,1,2,6,2,3,3,3,2,2,2,1,2,2,3,3,3,2,2,3,3,3,1,,1,3,5,,9
565,58,,2,2,5,4,1,1,1,1,1,1,1,1,3,1,2,3,2,2,2,2,2,3,2,2,2,3,,9
566,63,,2,1,7,4,1,1,1,1,1,1,1,1,1,1,1,3,1,1,3,1,3,3,5,2,2,3,,9
567,30,,1,2,3,2,3,3,3,3,1,1,1,1,1,3,2,1,1,1,1,1,2,2,,2,2,2,,9
568,33,,2,1,5,1,3,3,3,3,1,1,2,1,3,3,3,2,2,2,2,3,3,4,2,1,3,5,,9
569,25,,2,2,6,2,4,3,3,3,1,1,1,1,3,4,3,3,3,3,3,3,3,1,,4,3,2,,9
